date,adjClose,change,changeOverTime,changePercent,close,high,label,low,open,unadjustedVolume,volume,vwap
2020-05-20,33.45,0.41000000000000003,0.012410000000000001,1.241,33.45,33.48,"May 20, 20",32.99,33.04,5272800.0,5272800.0,33.30667
2020-05-19,32.16,-0.75,-0.02279,-2.279,32.16,32.92,"May 19, 20",32.16,32.91,6209600.0,6209600.0,32.41333
2020-05-18,32.82,0.77,0.024020000000000003,2.402,32.82,32.94,"May 18, 20",32.0,32.05,7926100.0,7926100.0,32.58667
2020-05-15,30.13,-0.16,-0.005280000000000001,-0.528,30.13,30.74,"May 15, 20",29.91,30.29,7620000.0,7620000.0,30.26
2020-05-14,30.17,0.55,0.018570000000000003,1.857,30.17,30.39,"May 14, 20",28.98,29.62,9756700.0,9756700.0,29.84667
2020-05-13,30.72,-1.12,-0.03483,-3.483,31.04,32.17,"May 13, 20",30.77,32.16,7789400.0,7789400.0,31.32667
2020-05-12,31.88,-0.79,-0.023940000000000003,-2.394,32.21,33.09,"May 12, 20",32.21,33.0,4356300.0,4356300.0,32.50333
2020-05-11,32.42,-0.4,-0.012060000000000001,-1.206,32.76,33.26,"May 11, 20",32.7,33.16,4200400.0,4200400.0,32.90667
2020-05-08,33.91,0.71,0.021390000000000003,2.1390000000000002,33.91,33.98,"May 08, 20",33.07,33.2,5987800.0,5987800.0,33.65333
2020-05-07,32.53,-0.45,-0.013640000000000001,-1.3639999999999999,32.53,33.39,"May 07, 20",32.43,32.98,5306900.0,5306900.0,32.78333
2020-05-06,32.06,-1.05,-0.03171,-3.171,32.06,33.25,"May 06, 20",32.04,33.11,6072000.0,6072000.0,32.45
2020-05-05,33.07,-1.21,-0.035300000000000005,-3.5300000000000002,33.07,34.82,"May 05, 20",32.96,34.28,13399700.000000002,13399700.000000002,33.61667
2020-05-04,32.75,0.84,0.026320000000000003,2.632,32.75,32.84,"May 04, 20",31.63,31.91,10793300.000000002,10793300.000000002,32.40667
2020-05-01,31.29,-0.56,-0.017580000000000002,-1.758,31.29,32.08,"May 01, 20",31.11,31.85,11511900.0,11511900.0,31.49333
2020-04-30,33.13,-0.59,-0.0175,-1.75,33.13,34.08,"April 30, 20",32.65,33.72,20520999.999999996,20520999.999999996,33.28667
2020-04-29,38.01,0.8200000000000001,0.02205,2.205,38.01,38.07,"April 29, 20",37.1,37.19,5712000.0,5712000.0,37.72667
2020-04-28,36.0,-0.04,-0.00111,-0.111,36.0,36.38,"April 28, 20",35.43,36.04,6129400.0,6129400.0,35.93667
2020-04-27,35.82,1.18,0.03406,3.406,35.82,36.01,"April 27, 20",34.3,34.64,5311500.0,5311500.0,35.37667
2020-04-24,35.03,-0.5700000000000001,-0.01601,-1.601,35.03,35.73,"April 24, 20",34.45,35.6,5897400.0,5897400.0,35.07
2020-04-23,35.16,0.04,0.0011400000000000002,0.114,35.16,36.12,"April 23, 20",34.92,35.12,6965000.0,6965000.0,35.4
2020-04-22,34.86,0.09,0.0025900000000000003,0.259,34.86,35.07,"April 22, 20",34.31,34.77,9121100.0,9121100.0,34.74667
2020-04-21,32.93,0.66,0.020450000000000003,2.045,32.93,33.21,"April 21, 20",31.96,32.27,10279799.999999998,10279799.999999998,32.7
2020-04-20,33.48,-0.53,-0.015580000000000002,-1.558,33.48,34.71,"April 20, 20",33.13,34.01,10332500.0,10332500.0,33.77333
2020-04-17,35.48,1.35,0.03955,3.955,35.48,35.49,"April 17, 20",34.06,34.13,8338200.0,8338200.0,35.01
2020-04-16,32.6,-0.76,-0.02278,-2.278,32.6,33.4,"April 16, 20",32.46,33.36,9712400.0,9712400.0,32.82
2020-04-15,34.36,-0.53,-0.01519,-1.5190000000000001,34.36,34.91,"April 15, 20",33.64,34.89,11036300.000000002,11036300.000000002,34.30333
2020-04-14,37.01,-0.23,-0.006180000000000001,-0.618,37.01,37.67,"April 14, 20",36.55,37.24,7800800.0,7800800.0,37.07667
2020-04-13,37.37,-1.5,-0.038590000000000006,-3.859,37.37,39.04,"April 13, 20",37.02,38.87,4896900.0,4896900.0,37.81
2020-04-09,37.91,-0.63,-0.01635,-1.635,37.91,39.23,"April 09, 20",36.87,38.54,8266300.0,8266300.0,38.00333
2020-04-08,38.07,0.61,0.016280000000000003,1.6280000000000001,38.07,38.09,"April 08, 20",36.96,37.46,5400300.0,5400300.0,37.70667
2020-04-07,37.26,-1.01,-0.026390000000000004,-2.6390000000000002,37.26,38.85,"April 07, 20",37.08,38.27,8936100.0,8936100.0,37.73
2020-04-06,37.33,0.62,0.016890000000000002,1.689,37.33,37.45,"April 06, 20",36.14,36.71,7266000.0,7266000.0,36.97333
2020-04-03,36.24,-1.28,-0.034120000000000004,-3.412,36.24,37.86,"April 03, 20",35.56,37.52,9523300.0,9523300.0,36.55333
2020-04-02,38.96,0.33,0.00854,0.854,38.96,40.35,"April 02, 20",37.33,38.63,14720200.000000002,14720200.000000002,38.88
2020-04-01,35.31,-1.27,-0.03472,-3.472,35.31,36.87,"April 01, 20",34.8,36.58,11599900.0,11599900.0,35.66
2020-03-31,34.89,-0.26,-0.0074,-0.74,34.89,35.84,"March 31, 20",34.09,35.15,11036200.0,11036200.0,34.94
2020-03-30,33.44,0.54,0.01641,1.641,33.44,33.67,"March 30, 20",32.12,32.9,11143600.0,11143600.0,33.07667
2020-03-27,31.64,-1.05,-0.03212,-3.212,31.64,32.72,"March 27, 20",31.56,32.69,9036900.0,9036900.0,31.97333
2020-03-26,34.93,1.26,0.03742,3.742,34.93,35.05,"March 26, 20",33.63,33.67,15093399.999999998,15093399.999999998,34.53667
2020-03-25,34.34,0.66,0.0196,1.96,34.34,35.75,"March 25, 20",32.33,33.68,14715300.0,14715300.0,34.14
2020-03-24,32.11,1.5899999999999999,0.0521,5.21,32.11,32.79,"March 24, 20",30.01,30.52,19493300.000000004,19493300.000000004,31.63667
2020-03-23,26.83,0.19,0.007130000000000001,0.713,26.83,27.23,"March 23, 20",25.91,26.64,21465200.000000004,21465200.000000004,26.65667
2020-03-20,25.08,-0.5700000000000001,-0.02222,-2.222,25.08,26.44,"March 20, 20",24.45,25.65,15032600.0,15032600.0,25.32333
2020-03-19,24.04,0.87,0.03755,3.755,24.04,25.16,"March 19, 20",22.3,23.17,14629300.0,14629300.0,23.83333
2020-03-18,21.62,-2.2,-0.09236000000000001,-9.236,21.62,24.12,"March 18, 20",21.26,23.82,14225300.0,14225300.0,22.33333
2020-03-17,25.66,-0.43,-0.01648,-1.6480000000000001,25.66,26.64,"March 17, 20",25.32,26.09,12320400.0,12320400.0,25.87333
2020-03-16,25.32,-1.16,-0.04381,-4.381,25.32,26.95,"March 16, 20",25.32,26.48,11053900.000000002,11053900.000000002,25.86333
2020-03-13,30.08,-1.58,-0.04991,-4.991,30.08,31.68,"March 13, 20",27.66,31.66,17654300.0,17654300.0,29.80667
2020-03-12,29.33,-2.51,-0.07883000000000001,-7.883,29.33,31.87,"March 12, 20",28.6,31.84,14500700.0,14500700.0,29.93333
2020-03-11,34.49,-0.89,-0.025160000000000002,-2.516,34.49,35.76,"March 11, 20",34.1,35.38,11957400.0,11957400.0,34.78333
2020-03-10,36.96,-0.8200000000000001,-0.0217,-2.17,36.96,37.88,"March 10, 20",35.0,37.78,13496200.0,13496200.0,36.61333
2020-03-09,34.68,-1.57,-0.04331,-4.331,34.68,36.83,"March 09, 20",34.41,36.25,19487500.0,19487500.0,35.30667
2020-03-06,41.87,-0.8300000000000001,-0.019440000000000002,-1.944,41.87,42.95,"March 06, 20",41.67,42.7,10366300.0,10366300.0,42.16333
2020-03-05,43.73,-0.54,-0.0122,-1.22,43.73,44.42,"March 05, 20",43.47,44.27,7743400.0,7743400.0,43.87333
2020-03-04,45.3,0.09,0.00199,0.199,45.3,45.35,"March 04, 20",44.64,45.21,5387000.0,5387000.0,45.09667
2020-03-03,43.96,-1.62,-0.03554,-3.5540000000000003,43.96,46.02,"March 03, 20",43.75,45.58,10109100.0,10109100.0,44.57667
2020-03-02,44.83,0.77,0.017480000000000002,1.748,44.83,44.92,"March 02, 20",43.47,44.06,10208600.000000002,10208600.000000002,44.40667
2020-02-28,44.03,1.12,0.0261,2.61,44.03,44.04,"February 28, 20",42.11,42.91,12388900.0,12388900.0,43.39333
2020-02-27,43.94,-0.89,-0.019850000000000003,-1.9849999999999999,43.94,45.32,"February 27, 20",43.94,44.83,10472400.0,10472400.0,44.4
2020-02-26,45.75,-0.39,-0.008450000000000001,-0.845,45.75,46.58,"February 26, 20",45.74,46.14,5935800.0,5935800.0,46.02333
2020-02-25,45.9,-1.16,-0.024650000000000002,-2.465,45.9,47.28,"February 25, 20",45.68,47.06,6949600.0,6949600.0,46.28667
2020-02-24,47.28,0.39,0.008320000000000001,0.8320000000000001,47.28,47.63,"February 24, 20",46.89,46.89,8705500.0,8705500.0,47.26667
2020-02-21,49.17,0.11,0.0022400000000000002,0.224,49.17,49.31,"February 21, 20",48.76,49.06,5515600.0,5515600.0,49.08
2020-02-20,49.62,-0.45,-0.008990000000000001,-0.899,49.62,50.21,"February 20, 20",49.52,50.07,6078100.0,6078100.0,49.78333
2020-02-19,50.22,-0.04,-0.0008,-0.08,50.22,50.42,"February 19, 20",50.15,50.26,4628100.0,4628100.0,50.26333
2020-02-18,50.21,0.19,0.0038,0.38,50.21,50.31,"February 18, 20",49.95,50.02,3781600.0,3781600.0,50.15667
2020-02-14,50.49,-0.43,-0.008440000000000001,-0.844,50.49,50.99,"February 14, 20",50.23,50.92,4830400.0,4830400.0,50.57
2020-02-13,50.99,-0.17,-0.0033200000000000005,-0.332,50.99,51.36,"February 13, 20",50.78,51.16,5050100.0,5050100.0,51.04333
2020-02-12,51.71,0.07,0.00133,0.133,52.65,52.8,"February 12, 20",52.3,52.58,4397300.0,4397300.0,52.58333
2020-02-11,51.06,0.16,0.0030900000000000003,0.309,51.99,52.04,"February 11, 20",51.63,51.83,4447300.0,4447300.0,51.88667
2020-02-10,50.47,0.07,0.00136,0.136,51.39,51.46,"February 10, 20",51.17,51.32,4003300.0,4003300.0,51.34
2020-02-07,50.87,0.06,0.00116,0.116,51.79,52.02,"February 07, 20",51.63,51.73,3841000.0,3841000.0,51.81333
2020-02-06,51.21,-0.45,-0.00856,-0.856,52.14,52.65,"February 06, 20",52.02,52.59,4212300.0,4212300.0,52.27
2020-02-05,52.0,-0.03,-0.0005700000000000001,-0.057,52.95,53.09,"February 05, 20",52.73,52.98,5308300.0,5308300.0,52.92333
2020-02-04,50.73,-0.33,-0.006350000000000001,-0.635,51.65,52.21,"February 04, 20",51.59,51.98,5737300.0,5737300.0,51.81667
2020-02-03,50.33,-0.14,-0.00272,-0.272,51.24,51.68,"February 03, 20",51.05,51.38,9734000.0,9734000.0,51.32333
2020-01-31,51.22,-0.63,-0.011940000000000001,-1.194,52.15,52.93,"January 31, 20",51.83,52.78,8654800.0,8654800.0,52.30333
2020-01-30,52.88,-0.11,-0.00204,-0.20400000000000001,53.84,54.01,"January 30, 20",52.93,53.95,13942500.0,13942500.0,53.59333
2020-01-29,54.74,0.04,0.00072,0.07200000000000001,55.73,55.81,"January 29, 20",55.45,55.69,4032000.0,4032000.0,55.66333
2020-01-28,54.92,0.12,0.00215,0.215,55.92,56.06,"January 28, 20",55.74,55.8,3307700.0,3307700.0,55.90667
2020-01-27,55.09,-0.06,-0.00107,-0.107,56.09,56.38,"January 27, 20",55.89,56.15,3308700.0,3308700.0,56.12
2020-01-24,56.15,-0.17,-0.0029600000000000004,-0.296,57.17,57.38,"January 24, 20",56.88,57.34,3015800.0,3015800.0,57.14333
2020-01-23,56.38,0.32,0.00561,0.561,57.4,57.43,"January 23, 20",56.78,57.08,2772900.0,2772900.0,57.20333
2020-01-22,56.41,-0.34,-0.005880000000000001,-0.588,57.44,57.78,"January 22, 20",57.36,57.78,3300700.0,3300700.0,57.52667
2020-01-21,56.43,-0.42,-0.007260000000000001,-0.726,57.46,57.91,"January 21, 20",57.46,57.88,2942600.0,2942600.0,57.61
2020-01-17,57.49,-0.24,-0.00408,-0.40800000000000003,58.54,58.81,"January 17, 20",58.45,58.78,2478500.0,2478500.0,58.6
2020-01-16,57.72,-0.41000000000000003,-0.00693,-0.6930000000000001,58.77,59.24,"January 16, 20",58.67,59.18,2735400.0,2735400.0,58.89333
2020-01-15,57.77,0.02,0.00034,0.034,58.82,58.97,"January 15, 20",58.59,58.8,3500000.0,3500000.0,58.79333
2020-01-14,57.87,0.12,0.00204,0.20400000000000001,58.92,58.95,"January 14, 20",58.6,58.8,2259600.0,2259600.0,58.82333
2020-01-13,57.91,0.16,0.00272,0.272,58.96,59.1,"January 13, 20",58.58,58.8,2981100.0,2981100.0,58.88
2020-01-10,57.96,-0.32,-0.005390000000000001,-0.539,59.01,59.35,"January 10, 20",58.99,59.33,2622200.0,2622200.0,59.11667
2020-01-09,58.61,0.23,0.00387,0.387,59.68,59.75,"January 09, 20",59.01,59.45,2834300.0,2834300.0,59.48
2020-01-08,58.62,-0.12,-0.00201,-0.201,59.69,59.93,"January 08, 20",59.4,59.81,2965800.0,2965800.0,59.67333
2020-01-07,59.32,0.05,0.0008300000000000001,0.083,60.4,60.43,"January 07, 20",59.83,60.35,2683500.0,2683500.0,60.22
2020-01-06,59.87,0.0,0.0,0.0,60.96,61.17,"January 06, 20",60.69,60.96,3250100.0,3250100.0,60.94
2020-01-03,59.14,0.33,0.00551,0.551,60.21,60.35,"January 03, 20",59.88,59.88,3713000.0,3713000.0,60.14667
2020-01-02,58.67,0.28,0.004710000000000001,0.47100000000000003,59.74,59.77,"January 02, 20",59.24,59.46,3084700.0,3084700.0,59.58333
2019-12-31,57.93,0.24,0.004090000000000001,0.40900000000000003,58.98,58.98,"December 31, 19",58.56,58.74,1864200.0,1864200.0,58.84
2019-12-30,57.63,-0.44,-0.00744,-0.744,58.68,59.18,"December 30, 19",58.65,59.12,2425900.0,2425900.0,58.83667
2019-12-27,58.04,-0.41000000000000003,-0.00689,-0.6890000000000001,59.09,59.53,"December 27, 19",59.04,59.5,2486800.0,2486800.0,59.22
2019-12-26,57.82,0.02,0.00034,0.034,58.87,59.07,"December 26, 19",58.84,58.85,1229000.0,1229000.0,58.92667
2019-12-24,57.65,0.09,0.0015400000000000001,0.154,58.7,58.87,"December 24, 19",58.61,58.61,1128100.0,1128100.0,58.72667
2019-12-23,57.75,0.67,0.01153,1.153,58.8,58.8,"December 23, 19",58.1,58.13,2031300.0,2031300.0,58.56667
2019-12-20,57.14,-0.32,-0.00547,-0.547,58.18,58.55,"December 20, 19",58.02,58.5,4835700.0,4835700.0,58.25
2019-12-19,57.85,-0.15,-0.00254,-0.254,58.9,59.12,"December 19, 19",58.75,59.05,3162700.0,3162700.0,58.92333
2019-12-18,57.48,-0.17,-0.0029000000000000002,-0.29,58.52,58.88,"December 18, 19",58.5,58.69,3437200.0,3437200.0,58.63333
2019-12-17,57.43,-0.17,-0.0029000000000000002,-0.29,58.47,58.78,"December 17, 19",58.37,58.64,4058200.0,4058200.0,58.54
2019-12-16,57.12,-0.22,-0.0037700000000000003,-0.377,58.16,58.51,"December 16, 19",58.06,58.38,2794300.0,2794300.0,58.24333
2019-12-13,56.41,-0.66,-0.01136,-1.1360000000000001,57.44,58.33,"December 13, 19",57.34,58.1,4001800.0,4001800.0,57.70333
2019-12-12,56.73,0.39,0.0068000000000000005,0.68,57.76,57.95,"December 12, 19",57.32,57.37,2602100.0,2602100.0,57.67667
2019-12-11,56.38,0.07,0.0012200000000000002,0.122,57.4,57.54,"December 11, 19",57.18,57.33,2044600.0,2044600.0,57.37333
2019-12-10,56.34,-0.14,-0.0024300000000000003,-0.243,57.36,57.59,"December 10, 19",57.25,57.5,2066400.0,2066400.0,57.4
2019-12-09,56.25,-0.1,-0.0017400000000000002,-0.17400000000000002,57.27,57.59,"December 09, 19",57.23,57.37,1940700.0,1940700.0,57.36333
2019-12-06,56.27,0.21,0.00368,0.368,57.29,57.53,"December 06, 19",57.06,57.08,2769400.0,2769400.0,57.29333
2019-12-05,55.48,-0.5,-0.00877,-0.877,56.49,57.05,"December 05, 19",56.46,56.99,2321900.0,2321900.0,56.66667
2019-12-04,55.83,0.02,0.00035,0.035,56.84,56.96,"December 04, 19",56.68,56.82,2856800.0,2856800.0,56.82667
2019-12-03,55.21,-0.24,-0.00425,-0.425,56.21,56.52,"December 03, 19",56.03,56.45,3525400.0,3525400.0,56.25333
2019-12-02,56.11,-0.5,-0.00868,-0.868,57.13,57.66,"December 02, 19",57.06,57.63,3257300.0,3257300.0,57.28333
2019-11-29,56.46,0.02,0.00035,0.035,57.49,57.57,"November 29, 19",57.28,57.47,1478400.0,1478400.0,57.44667
2019-11-27,56.77,-0.2,-0.0034500000000000004,-0.34500000000000003,57.8,58.02,"November 27, 19",57.62,58.0,2221700.0,2221700.0,57.81333
2019-11-26,56.94,-0.43,-0.00736,-0.736,57.97,58.43,"November 26, 19",57.86,58.4,2683200.0,2683200.0,58.08667
2019-11-25,57.59,-0.23,-0.00391,-0.391,58.64,58.89,"November 25, 19",58.52,58.87,5367000.0,5367000.0,58.68333
2019-11-22,57.4,-0.5,-0.008480000000000001,-0.848,58.44,59.07,"November 22, 19",58.36,58.94,5777200.0,5777200.0,58.62333
2019-11-21,57.62,0.11,0.0018800000000000002,0.188,58.67,58.75,"November 21, 19",58.33,58.56,6554400.0,6554400.0,58.58333
2019-11-20,57.4,0.01,0.00017000000000000004,0.017,58.44,58.96,"November 20, 19",58.25,58.43,3864500.0,3864500.0,58.55
2019-11-19,57.68,-0.93,-0.015590000000000001,-1.5590000000000002,58.73,59.68,"November 19, 19",58.69,59.66,2826500.0,2826500.0,59.03333
2019-11-18,58.36,0.0,0.0,0.0,59.42,59.54,"November 18, 19",59.3,59.42,1861300.0,1861300.0,59.42
2019-11-15,58.51,0.27,0.00455,0.455,59.57,59.72,"November 15, 19",59.24,59.3,1907000.0,1907000.0,59.51
2019-11-14,58.07,-0.36,-0.006050000000000001,-0.605,59.13,59.65,"November 14, 19",58.98,59.49,2030000.0,2030000.0,59.25333
2019-11-13,58.29,0.45,0.007520000000000001,0.752,60.29,60.38,"November 13, 19",59.82,59.84,2423300.0,2423300.0,60.16333
2019-11-12,57.9,-0.36,-0.00598,-0.598,59.89,60.42,"November 12, 19",59.89,60.25,2294400.0,2294400.0,60.06667
2019-11-11,58.18,0.4,0.006690000000000001,0.669,60.18,60.33,"November 11, 19",59.72,59.78,1804600.0,1804600.0,60.07667
2019-11-08,58.25,0.12,0.002,0.2,60.25,60.3,"November 08, 19",59.93,60.13,3064800.0,3064800.0,60.16
2019-11-07,58.37,0.13,0.00216,0.216,60.37,60.42,"November 07, 19",59.95,60.24,2370200.0,2370200.0,60.24667
2019-11-06,57.88,-0.42,-0.0069700000000000005,-0.6970000000000001,59.87,60.51,"November 06, 19",59.75,60.29,2170100.0,2170100.0,60.04333
2019-11-05,58.16,0.01,0.00017000000000000004,0.017,60.16,60.16,"November 05, 19",59.74,60.15,3043500.0,3043500.0,60.02
2019-11-04,57.47,-0.23,-0.00385,-0.385,59.44,59.89,"November 04, 19",59.43,59.67,3277100.0,3277100.0,59.58667
2019-11-01,56.7,0.42,0.00721,0.721,58.64,58.83,"November 01, 19",58.19,58.22,3750000.0,3750000.0,58.55333
2019-10-31,56.05,-0.32,-0.00549,-0.549,57.97,58.47,"October 31, 19",57.66,58.29,6078200.0,6078200.0,58.03333
2019-10-30,58.06,0.1,0.00167,0.167,60.05,60.06,"October 30, 19",59.54,59.95,2822500.0,2822500.0,59.88333
2019-10-29,57.94,0.43,0.00723,0.723,59.93,60.16,"October 29, 19",59.41,59.5,2471500.0,2471500.0,59.83333
2019-10-28,57.93,-0.17,-0.00283,-0.28300000000000003,59.92,60.2,"October 28, 19",59.82,60.09,2154200.0,2154200.0,59.98
2019-10-25,57.75,0.46,0.00776,0.776,59.73,59.79,"October 25, 19",59.25,59.27,1119400.0,1119400.0,59.59
2019-10-24,57.59,-0.45,-0.007500000000000001,-0.75,59.57,60.04,"October 24, 19",59.33,60.02,1869700.0,1869700.0,59.64667
2019-10-23,57.63,0.56,0.00948,0.9480000000000001,59.61,59.61,"October 23, 19",58.99,59.05,2220100.0,2220100.0,59.40333
2019-10-22,56.99,0.37,0.00632,0.632,58.94,59.34,"October 22, 19",58.5,58.57,3305000.0,3305000.0,58.92667
2019-10-21,56.35,0.38,0.006560000000000001,0.656,58.28,58.36,"October 21, 19",57.9,57.9,1663600.0,1663600.0,58.18
2019-10-18,55.81,-0.28,-0.00483,-0.483,57.72,58.12,"October 18, 19",57.62,58.0,2998300.0,2998300.0,57.82
2019-10-17,56.23,-0.03,-0.0005200000000000001,-0.052000000000000005,58.16,58.33,"October 17, 19",57.91,58.19,2543200.0,2543200.0,58.13333
2019-10-16,55.49,-0.24,-0.0041600000000000005,-0.41600000000000004,57.39,57.88,"October 16, 19",57.39,57.63,2214500.0,2214500.0,57.55333
2019-10-15,55.63,-0.09,-0.0015600000000000002,-0.156,57.54,57.95,"October 15, 19",57.47,57.63,2399900.0,2399900.0,57.65333
2019-10-14,55.9,0.27,0.004690000000000001,0.46900000000000003,57.82,57.96,"October 14, 19",57.47,57.55,1519800.0,1519800.0,57.75
2019-10-11,55.93,0.05,0.00087,0.08700000000000001,57.85,58.21,"October 11, 19",57.77,57.8,2365500.0,2365500.0,57.94333
2019-10-10,55.36,0.21,0.00368,0.368,57.26,57.34,"October 10, 19",56.94,57.05,2286500.0,2286500.0,57.18
2019-10-09,54.67,-0.33,-0.0058000000000000005,-0.58,56.55,56.93,"October 09, 19",56.48,56.88,2009300.0,2009300.0,56.65333
2019-10-08,54.57,-0.61,-0.010690000000000002,-1.069,56.44,57.11,"October 08, 19",56.43,57.05,3122300.0,3122300.0,56.66
2019-10-07,55.28,-0.30000000000000004,-0.005220000000000001,-0.522,57.18,57.77,"October 07, 19",57.16,57.48,1984800.0,1984800.0,57.37
2019-10-04,55.4,0.30000000000000004,0.005260000000000001,0.526,57.3,57.35,"October 04, 19",56.87,57.0,1790100.0,1790100.0,57.17333
2019-10-03,55.1,0.56,0.00992,0.992,56.99,56.99,"October 03, 19",56.13,56.43,2290200.0,2290200.0,56.70333
2019-10-02,54.73,-0.49,-0.00858,-0.858,56.61,57.21,"October 02, 19",56.48,57.1,3659000.0,3659000.0,56.76667
2019-10-01,56.45,-0.28,-0.004770000000000001,-0.47700000000000004,58.39,58.82,"October 01, 19",58.28,58.67,3173500.0,3173500.0,58.49667
2019-09-30,56.9,0.30000000000000004,0.00512,0.512,58.85,59.0,"September 30, 19",58.55,58.55,2814000.0,2814000.0,58.8
2019-09-27,57.15,0.34,0.005790000000000001,0.579,59.11,59.32,"September 27, 19",58.67,58.77,3081700.0,3081700.0,59.03333
2019-09-26,56.61,0.11,0.0018800000000000002,0.188,58.55,58.65,"September 26, 19",58.25,58.44,2640600.0,2640600.0,58.48333
2019-09-25,55.91,0.15,0.0026000000000000003,0.26,57.83,57.95,"September 25, 19",57.57,57.68,1951300.0,1951300.0,57.78333
2019-09-24,55.97,-0.32,-0.0055000000000000005,-0.55,57.89,58.21,"September 24, 19",57.68,58.21,3129900.0,3129900.0,57.92667
2019-09-23,56.56,0.1,0.0017100000000000001,0.171,58.5,58.71,"September 23, 19",58.36,58.4,2159300.0,2159300.0,58.52333
2019-09-20,56.54,-0.09,-0.0015400000000000001,-0.154,58.48,58.76,"September 20, 19",58.32,58.57,2698800.0,2698800.0,58.52
2019-09-19,56.38,-0.5,-0.0085,-0.85,58.31,58.88,"September 19, 19",58.3,58.81,2317100.0,2317100.0,58.49667
2019-09-18,56.29,0.18,0.0031000000000000003,0.31,58.22,58.48,"September 18, 19",57.96,58.04,2163400.0,2163400.0,58.22
2019-09-17,56.16,-0.53,-0.009040000000000001,-0.904,58.09,58.63,"September 17, 19",57.44,58.62,4372300.0,4372300.0,58.05333
2019-09-16,56.07,-0.64,-0.010920000000000001,-1.092,57.99,58.68,"September 16, 19",57.79,58.63,5876300.0,5876300.0,58.15333
2019-09-13,54.98,-0.23,-0.004030000000000001,-0.403,56.87,57.25,"September 13, 19",56.71,57.1,2742600.0,2742600.0,56.94333
2019-09-12,54.67,0.37,0.00659,0.659,56.55,56.69,"September 12, 19",55.94,56.18,2539900.0,2539900.0,56.39333
2019-09-11,54.63,-0.48,-0.00842,-0.842,56.5,57.26,"September 11, 19",56.43,56.98,2638400.0,2638400.0,56.73
2019-09-10,54.93,-0.26,-0.004560000000000001,-0.456,56.81,57.57,"September 10, 19",56.69,57.07,3057600.0,3057600.0,57.02333
2019-09-09,54.39,0.23,0.0041,0.41000000000000003,56.26,56.31,"September 09, 19",55.93,56.03,2522400.0,2522400.0,56.16667
2019-09-06,53.76,0.05,0.0009000000000000001,0.09,55.6,55.66,"September 06, 19",55.31,55.55,4065900.0,4065900.0,55.52333
2019-09-05,53.89,-0.47000000000000003,-0.008360000000000001,-0.836,55.74,56.38,"September 05, 19",55.73,56.21,3218900.0,3218900.0,55.95
2019-09-04,54.04,0.13,0.00233,0.233,55.89,56.03,"September 04, 19",55.73,55.76,1913100.0,1913100.0,55.88333
2019-09-03,53.44,0.56,0.01024,1.024,55.27,55.29,"September 03, 19",54.56,54.71,3874100.0,3874100.0,55.04
2019-08-30,53.76,-0.16,-0.00287,-0.28700000000000003,55.6,55.84,"August 30, 19",55.25,55.76,2284100.0,2284100.0,55.56333
2019-08-29,53.85,-0.36,-0.00642,-0.642,55.7,56.17,"August 29, 19",55.7,56.06,1962300.0,1962300.0,55.85667
2019-08-28,53.83,0.34,0.0061400000000000005,0.614,55.68,55.88,"August 28, 19",55.15,55.34,2706100.0,2706100.0,55.57
2019-08-27,53.13,-0.68,-0.012220000000000002,-1.222,54.95,55.74,"August 27, 19",54.84,55.63,2298100.0,2298100.0,55.17667
2019-08-26,53.48,-0.56,-0.010020000000000001,-1.002,55.31,55.87,"August 26, 19",55.16,55.87,2240400.0,2240400.0,55.44667
2019-08-23,53.3,-0.55,-0.009880000000000002,-0.988,55.13,56.23,"August 23, 19",54.98,55.68,3428800.0,3428800.0,55.44667
2019-08-22,54.04,-0.37,-0.006580000000000001,-0.658,55.89,56.31,"August 22, 19",55.71,56.26,2652000.0,2652000.0,55.97
2019-08-21,54.37,-0.21,-0.00372,-0.372,56.24,56.45,"August 21, 19",56.05,56.45,1822200.0,1822200.0,56.24667
2019-08-20,53.81,0.06,0.00108,0.108,55.66,55.88,"August 20, 19",55.3,55.6,2987100.0,2987100.0,55.61333
2019-08-19,54.2,-0.22,-0.00391,-0.391,56.06,56.41,"August 19, 19",55.99,56.28,2628000.0,2628000.0,56.15333
2019-08-16,53.72,0.35000000000000003,0.00634,0.634,55.56,55.66,"August 16, 19",54.98,55.21,2703800.0,2703800.0,55.4
2019-08-15,53.26,0.1,0.0018200000000000002,0.182,55.09,55.31,"August 15, 19",54.78,54.99,3445900.0,3445900.0,55.06
2019-08-14,53.6,-0.06,-0.0010600000000000002,-0.106,56.38,56.64,"August 14, 19",56.09,56.44,3670200.0,3670200.0,56.37
2019-08-13,54.86,0.6900000000000001,0.012100000000000001,1.21,57.7,58.14,"August 13, 19",56.89,57.01,2823700.0,2823700.0,57.57667
2019-08-12,54.49,-0.17,-0.0029600000000000004,-0.296,57.32,57.64,"August 12, 19",57.25,57.49,1827400.0,1827400.0,57.40333
2019-08-09,54.48,-0.12,-0.0020900000000000003,-0.209,57.3,57.72,"August 09, 19",57.13,57.42,3782200.0,3782200.0,57.38333
2019-08-08,55.16,0.59,0.010270000000000001,1.027,58.02,58.05,"August 08, 19",57.12,57.43,3171900.0,3171900.0,57.73
2019-08-07,54.26,0.27,0.004750000000000001,0.47500000000000003,57.07,57.28,"August 07, 19",56.52,56.8,4529800.0,4529800.0,56.95667
2019-08-06,54.48,0.02,0.00035,0.035,57.3,57.44,"August 06, 19",56.69,57.28,5442500.0,5442500.0,57.14333
2019-08-05,54.26,-0.51,-0.008860000000000002,-0.886,57.07,57.71,"August 05, 19",56.86,57.58,4738100.0,4738100.0,57.21333
2019-08-02,55.53,-0.37,-0.0062900000000000005,-0.629,58.41,58.91,"August 02, 19",58.02,58.78,4766400.0,4766400.0,58.44667
2019-08-01,55.88,-0.78,-0.0131,-1.31,58.78,60.0,"August 01, 19",58.71,59.56,6372800.0,6372800.0,59.16333
2019-07-31,59.79,-0.37,-0.00585,-0.585,62.89,63.59,"July 31, 19",62.44,63.26,2970400.0,2970400.0,62.97333
2019-07-30,60.66,0.22,0.0034600000000000004,0.34600000000000003,63.8,63.81,"July 30, 19",63.23,63.58,2549800.0,2549800.0,63.61333
2019-07-29,60.33,-0.43,-0.006730000000000001,-0.673,63.46,63.89,"July 29, 19",63.32,63.89,2139100.0,2139100.0,63.55667
2019-07-26,59.91,-0.36,-0.00568,-0.5680000000000001,63.02,63.38,"July 26, 19",62.95,63.38,2242100.0,2242100.0,63.11667
2019-07-25,59.77,-0.78,-0.01225,-1.225,62.87,63.66,"July 25, 19",62.82,63.65,1995900.0,1995900.0,63.11667
2019-07-24,60.06,-0.26,-0.0041,-0.41000000000000003,63.17,63.81,"July 24, 19",63.16,63.43,1824200.0,1824200.0,63.38
2019-07-23,60.65,-0.52,-0.00809,-0.809,63.79,64.33,"July 23, 19",63.76,64.31,1911200.0,1911200.0,63.96
2019-07-22,60.75,0.22,0.0034500000000000004,0.34500000000000003,63.9,63.95,"July 22, 19",63.63,63.68,1343400.0,1343400.0,63.82667
2019-07-19,60.51,0.4,0.00632,0.632,63.65,63.67,"July 19, 19",63.19,63.25,2346500.0,2346500.0,63.50333
2019-07-18,60.02,-0.04,-0.00063,-0.063,63.13,63.29,"July 18, 19",62.77,63.17,1874000.0,1874000.0,63.06333
2019-07-17,60.21,-0.43,-0.00674,-0.674,63.33,63.77,"July 17, 19",63.26,63.76,1833800.0,1833800.0,63.45333
2019-07-16,60.67,-0.28,-0.004370000000000001,-0.437,63.82,64.34,"July 16, 19",63.65,64.1,2097600.0,2097600.0,63.93667
2019-07-15,61.32,-0.54,-0.0083,-0.8300000000000001,64.5,65.06,"July 15, 19",64.45,65.04,1626800.0,1626800.0,64.67
2019-07-12,61.85,-0.05,-0.0007700000000000001,-0.077,65.06,65.23,"July 12, 19",64.92,65.11,1032500.0,1032500.0,65.07
2019-07-11,62.16,-0.19,-0.0029000000000000002,-0.29,65.38,65.62,"July 11, 19",65.07,65.57,1691200.0,1691200.0,65.35667
2019-07-10,62.02,0.2,0.0030800000000000003,0.308,65.24,65.32,"July 10, 19",64.92,65.04,1713000.0,1713000.0,65.16
2019-07-09,61.26,0.04,0.00062,0.062,64.44,64.58,"July 09, 19",64.19,64.4,1351000.0,1351000.0,64.40333
2019-07-08,61.24,-0.03,-0.00047000000000000004,-0.047,64.42,64.72,"July 08, 19",64.34,64.45,2568100.0,2568100.0,64.49333
2019-07-05,61.41,0.0,0.0,0.0,64.59,64.68,"July 05, 19",64.32,64.59,1721200.0,1721200.0,64.53
2019-07-03,61.49,-0.19,-0.0029300000000000003,-0.293,64.68,64.93,"July 03, 19",64.6,64.87,1443500.0,1443500.0,64.73667
2019-07-02,61.9,-0.9,-0.013630000000000001,-1.363,65.11,66.01,"July 02, 19",65.05,66.01,2389200.0,2389200.0,65.39
2019-07-01,61.99,-1.16,-0.017480000000000002,-1.748,65.2,66.36,"July 01, 19",65.19,66.36,2452100.0,2452100.0,65.58333
2019-06-28,61.86,-0.24,-0.00367,-0.367,65.07,65.45,"June 28, 19",64.94,65.31,2172500.0,2172500.0,65.15333
2019-06-27,61.88,-0.63,-0.009590000000000001,-0.9590000000000001,65.09,65.75,"June 27, 19",65.07,65.72,3421800.0,3421800.0,65.30333
2019-06-26,62.76,-0.27,-0.004070000000000001,-0.40700000000000003,66.01,66.48,"June 26, 19",66.01,66.28,1986800.0,1986800.0,66.16667
2019-06-25,62.52,-0.24,-0.0036400000000000004,-0.364,65.76,66.11,"June 25, 19",65.72,66.0,1771300.0,1771300.0,65.86333
2019-06-24,62.61,-0.03,-0.00045999999999999996,-0.046,65.86,65.99,"June 24, 19",65.69,65.89,1687800.0,1687800.0,65.84667
2019-06-21,62.46,-0.14,-0.0021300000000000004,-0.213,65.7,66.03,"June 21, 19",65.39,65.84,2329300.0,2329300.0,65.70667
2019-06-20,62.29,0.02,0.00031,0.031,65.52,65.76,"June 20, 19",65.16,65.5,2520100.0,2520100.0,65.48
2019-06-19,61.21,0.18,0.0028,0.28,64.38,64.52,"June 19, 19",64.07,64.2,1663800.0,1663800.0,64.32333
2019-06-18,60.77,0.22,0.0034500000000000004,0.34500000000000003,63.92,64.04,"June 18, 19",63.6,63.7,1872800.0,1872800.0,63.85333
2019-06-17,59.82,0.03,0.00048,0.048,62.92,63.41,"June 17, 19",62.79,62.89,1929800.0,1929800.0,63.04
2019-06-14,60.3,-0.03,-0.00047000000000000004,-0.047,63.43,63.6,"June 14, 19",63.31,63.46,1315100.0,1315100.0,63.44667
2019-06-13,60.61,-0.18,-0.00282,-0.28200000000000003,63.75,63.97,"June 13, 19",63.5,63.93,1678000.0,1678000.0,63.74
2019-06-12,60.36,-0.61,-0.00952,-0.9520000000000001,63.49,64.2,"June 12, 19",63.38,64.1,1995900.0,1995900.0,63.69
2019-06-11,61.33,-0.5,-0.007690000000000001,-0.769,64.51,65.04,"June 11, 19",64.49,65.01,2348000.0,2348000.0,64.68
2019-06-10,61.11,-0.2,-0.0031000000000000003,-0.31,64.28,64.64,"June 10, 19",64.22,64.48,1681500.0,1681500.0,64.38
2019-06-07,61.3,0.46,0.00719,0.719,64.48,64.65,"June 07, 19",63.93,64.02,2327300.0,2327300.0,64.35333
2019-06-06,60.48,0.49,0.00776,0.776,63.62,63.74,"June 06, 19",63.13,63.13,2607800.0,2607800.0,63.49667
2019-06-05,59.67,-0.41000000000000003,-0.00649,-0.649,62.76,63.18,"June 05, 19",62.25,63.17,3493000.0,3493000.0,62.73
2019-06-04,59.4,0.39,0.006280000000000001,0.628,62.48,62.49,"June 04, 19",61.81,62.09,3404400.0,3404400.0,62.26
2019-06-03,59.31,0.01,0.00016,0.016,62.38,62.65,"June 03, 19",62.05,62.37,2311100.0,2311100.0,62.36
2019-05-31,58.76,0.06,0.0009699999999999999,0.097,61.81,62.32,"May 31, 19",61.67,61.75,2556000.0,2556000.0,61.93333
2019-05-30,59.21,-0.15,-0.0024000000000000002,-0.24,62.28,62.52,"May 30, 19",62.04,62.43,2633000.0,2633000.0,62.28
2019-05-29,59.29,0.52,0.00841,0.841,62.36,62.39,"May 29, 19",61.78,61.84,2376800.0,2376800.0,62.17667
2019-05-28,59.48,-0.77,-0.01216,-1.216,62.56,63.49,"May 28, 19",62.54,63.33,1832400.0,1832400.0,62.86333
2019-05-24,60.18,0.17,0.00269,0.269,63.3,63.35,"May 24, 19",62.79,63.13,1894400.0,1894400.0,63.14667
2019-05-23,59.38,-0.34,-0.005410000000000001,-0.541,62.46,62.8,"May 23, 19",62.17,62.8,3338200.0,3338200.0,62.47667
2019-05-22,60.58,-0.73,-0.011330000000000002,-1.133,63.72,64.6,"May 22, 19",63.71,64.45,2848300.0,2848300.0,64.01
2019-05-21,61.29,-0.28,-0.00432,-0.432,64.47,64.92,"May 21, 19",64.43,64.75,2916900.0,2916900.0,64.60667
2019-05-20,61.25,-0.02,-0.00031,-0.031,64.43,64.7,"May 20, 19",64.15,64.45,1867400.0,1867400.0,64.42667
2019-05-17,61.1,-0.14,-0.00217,-0.217,64.27,64.65,"May 17, 19",64.16,64.41,2278200.0,2278200.0,64.36
2019-05-16,61.09,0.07,0.00109,0.109,64.26,64.56,"May 16, 19",64.08,64.19,1996200.0,1996200.0,64.3
2019-05-15,60.77,0.81,0.012650000000000002,1.2650000000000001,64.86,64.92,"May 15, 19",63.93,64.05,2753600.0,2753600.0,64.57
2019-05-14,60.07,0.2,0.0031300000000000004,0.313,64.11,64.49,"May 14, 19",63.85,63.91,1929300.0,1929300.0,64.15
2019-05-13,59.38,-0.59,-0.00922,-0.922,63.38,64.19,"May 13, 19",63.17,63.97,2330100.0,2330100.0,63.58
2019-05-10,59.54,0.59,0.009370000000000002,0.937,63.55,63.64,"May 10, 19",62.81,62.96,1966400.0,1966400.0,63.33333
2019-05-09,59.15,0.49,0.00782,0.782,63.13,63.3,"May 09, 19",62.55,62.64,2092200.0,2092200.0,62.99333
2019-05-08,58.76,0.12,0.0019200000000000003,0.192,62.71,63.14,"May 08, 19",62.44,62.59,3587200.0,3587200.0,62.76333
2019-05-07,58.31,-0.35000000000000003,-0.00559,-0.559,62.23,62.65,"May 07, 19",61.81,62.58,5245500.0,5245500.0,62.23
2019-05-06,60.07,0.55,0.008650000000000001,0.865,64.11,64.37,"May 06, 19",63.49,63.56,2673400.0,2673400.0,63.99
2019-05-03,60.24,-0.51,-0.00787,-0.787,64.29,64.86,"May 03, 19",64.24,64.8,2345800.0,2345800.0,64.46333
2019-05-02,59.68,-0.66,-0.01025,-1.025,63.7,64.47,"May 02, 19",63.68,64.36,3241200.0,3241200.0,63.95
2019-05-01,58.76,-0.78,-0.012280000000000001,-1.228,62.72,63.51,"May 01, 19",62.7,63.5,2342400.0,2342400.0,62.97667
2019-04-30,59.52,-0.17,-0.00267,-0.267,63.53,63.82,"April 30, 19",63.37,63.7,2673000.0,2673000.0,63.57333
2019-04-29,59.15,0.4,0.00638,0.638,63.13,63.17,"April 29, 19",62.59,62.73,1532400.0,1532400.0,62.96333
2019-04-26,59.08,-0.27,-0.004260000000000001,-0.426,63.06,63.33,"April 26, 19",62.64,63.33,2914000.0,2914000.0,63.01
2019-04-25,59.61,-0.01,-0.00016,-0.016,63.62,63.94,"April 25, 19",63.49,63.63,2044000.0,2044000.0,63.68333
